{"cameraMode":{"drawMode":0,"name":"Shaded","section":"Shading Mode"},"sceneLighting":true,"audioPlay":false,"sceneViewState":{"m_AlwaysRefresh":false,"showFog":true,"showSkybox":true,"showFlares":true,"showImageEffects":true,"showParticleSystems":true,"showVisualEffectGraphs":true,"m_FxEnabled":true},"in2DMode":false,"pivot":{"x":0.8006697297096252,"y":0.6920354962348938,"z":0.3135838508605957},"rotation":{"x":0.01924615167081356,"y":-0.9693971872329712,"z":0.23107169568538667,"w":0.08073411881923676},"size":2.0223469734191896,"orthographic":true}